{
    "manifestVersion": 5,
    "id": "DW5.ConnellyTweaks",
    "name": "DW5's Connelly Production Tweaks",
    "version": "1.0.0",
    "updateUrl": "https://raw.githubusercontent.com/DWFiv3/RailRoader/main/ConnellyTweaks/update/update.json",
    "requires": [
        {
            "id": "railloader",
            "notBefore": "1.8.2.1"
        },
        {
            "id": "Zamu.StrangeCustoms",
            "notBefore": "1.7.24194.2259"
        }
    ],
    "mixintos": {
        "game-graph": [
            "file(DW5ConnellyTweaks.json)"
        ]
    }
}
